{
    "countries": [
        {
            "countryName": "Afghanistan",
            "dialCode": "+93",
            "countryCode": "AF"
        },
        {
            "countryName": "Aland Islands",
            "dialCode": "+358",
            "countryCode": "AX"
            
        },
        {
            "countryName": "Albania",
            "dialCode": "+355",
            "countryCode": "AL"
            
        },
        {
            "countryName": "Algeria",
            "dialCode": "+213",
            "countryCode": "DZ"
            
        },
        {
            "countryName": "AmericanSamoa",
            "dialCode": "+1684",
            "countryCode": "AS"
            
        },
        {
            "countryName": "Andorra",
            "dialCode": "+376",
            "countryCode": "AD"
            
        },
        {
            "countryName": "Angola",
            "dialCode": "+244",
            "countryCode": "AO"
            
        },
        {
            "countryName": "Anguilla",
            "dialCode": "+1264",
            "countryCode": "AI"
            
        },
        {
            "countryName": "Antarctica",
            "dialCode": "+672",
            "countryCode": "AQ"
            
        },
        {
            "countryName": "Antigua and Barbuda",
            "dialCode": "+1268",
            "countryCode": "AG"
            
        },
        {
            "countryName": "Argentina",
            "dialCode": "+54",
            "countryCode": "AR"
            
        },
        {
            "countryName": "Armenia",
            "dialCode": "+374",
            "countryCode": "AM"
            
        },
        {
            "countryName": "Aruba",
            "dialCode": "+297",
            "countryCode": "AW"
            
        },
        {
            "countryName": "Australia",
            "dialCode": "+61",
            "countryCode": "AU"
            
        },
        {
            "countryName": "Austria",
            "dialCode": "+43",
            "countryCode": "AT"
            
        },
        {
            "countryName": "Azerbaijan",
            "dialCode": "+994",
            "countryCode": "AZ"
            
        },
        {
            "countryName": "Bahamas",
            "dialCode": "+1242",
            "countryCode": "BS"
            
        },
        {
            "countryName": "Bahrain",
            "dialCode": "+973",
            "countryCode": "BH"
            
        },
        {
            "countryName": "Bangladesh",
            "dialCode": "+880",
            "countryCode": "BD"
            
        },
        {
            "countryName": "Barbados",
            "dialCode": "+1246",
            "countryCode": "BB"
            
        },
        {
            "countryName": "Belarus",
            "dialCode": "+375",
            "countryCode": "BY"
            
        },
        {
            "countryName": "Belgium",
            "dialCode": "+32",
            "countryCode": "BE"
            
        },
        {
            "countryName": "Belize",
            "dialCode": "+501",
            "countryCode": "BZ"
            
        },
        {
            "countryName": "Benin",
            "dialCode": "+229",
            "countryCode": "BJ"
            
        },
        {
            "countryName": "Bermuda",
            "dialCode": "+1441",
            "countryCode": "BM"
            
        },
        {
            "countryName": "Bhutan",
            "dialCode": "+975",
            "countryCode": "BT"
            
        },
        {
            "countryName": "Bolivia, Plurinational State of",
            "dialCode": "+591",
            "countryCode": "BO"
            
        },
        {
            "countryName": "Bosnia and Herzegovina",
            "dialCode": "+387",
            "countryCode": "BA"
            
        },
        {
            "countryName": "Botswana",
            "dialCode": "+267",
            "countryCode": "BW"
            
        },
        {
            "countryName": "Brazil",
            "dialCode": "+55",
            "countryCode": "BR"
            
        },
        {
            "countryName": "British Indian Ocean Territory",
            "dialCode": "+246",
            "countryCode": "IO"
            
        },
        {
            "countryName": "Brunei Darussalam",
            "dialCode": "+673",
            "countryCode": "BN"
            
        },
        {
            "countryName": "Bulgaria",
            "dialCode": "+359",
            "countryCode": "BG"
            
        },
        {
            "countryName": "Burkina Faso",
            "dialCode": "+226",
            "countryCode": "BF"
            
        },
        {
            "countryName": "Burundi",
            "dialCode": "+257",
            "countryCode": "BI"
            
        },
        {
            "countryName": "Cambodia",
            "dialCode": "+855",
            "countryCode": "KH"
            
        },
        {
            "countryName": "Cameroon",
            "dialCode": "+237",
            "countryCode": "CM"
            
        },
        {
            "countryName": "Canada",
            "dialCode": "+1",
            "countryCode": "CA"
            
        },
        {
            "countryName": "Cape Verde",
            "dialCode": "+238",
            "countryCode": "CV"
            
        },
        {
            "countryName": "Cayman Islands",
            "dialCode": "+ 345",
            "countryCode": "KY"
            
        },
        {
            "countryName": "Central African Republic",
            "dialCode": "+236",
            "countryCode": "CF"
            
        },
        {
            "countryName": "Chad",
            "dialCode": "+235",
            "countryCode": "TD"
            
        },
        {
            "countryName": "Chile",
            "dialCode": "+56",
            "countryCode": "CL"
            
        },
        {
            "countryName": "China",
            "dialCode": "+86",
            "countryCode": "CN"
            
        },
        {
            "countryName": "Christmas Island",
            "dialCode": "+61",
            "countryCode": "CX"
            
        },
        {
            "countryName": "Cocos (Keeling) Islands",
            "dialCode": "+61",
            "countryCode": "CC"
            
        },
        {
            "countryName": "Colombia",
            "dialCode": "+57",
            "countryCode": "CO"
            
        },
        {
            "countryName": "Comoros",
            "dialCode": "+269",
            "countryCode": "KM"
            
        },
        {
            "countryName": "Congo",
            "dialCode": "+242",
            "countryCode": "CG"
            
        },
        {
            "countryName": "Congo, The Democratic Republic of the Congo",
            "dialCode": "+243",
            "countryCode": "CD"
            
        },
        {
            "countryName": "Cook Islands",
            "dialCode": "+682",
            "countryCode": "CK"
            
        },
        {
            "countryName": "Costa Rica",
            "dialCode": "+506",
            "countryCode": "CR"
            
        },
        {
            "countryName": "Cote d'Ivoire",
            "dialCode": "+225",
            "countryCode": "CI"
            
        },
        {
            "countryName": "Croatia",
            "dialCode": "+385",
            "countryCode": "HR"
            
        },
        {
            "countryName": "Cuba",
            "dialCode": "+53",
            "countryCode": "CU"
            
        },
        {
            "countryName": "Cyprus",
            "dialCode": "+357",
            "countryCode": "CY"
            
        },
        {
            "countryName": "Czech Republic",
            "dialCode": "+420",
            "countryCode": "CZ"
            
        },
        {
            "countryName": "Denmark",
            "dialCode": "+45",
            "countryCode": "DK"
            
        },
        {
            "countryName": "Djibouti",
            "dialCode": "+253",
            "countryCode": "DJ"
            
        },
        {
            "countryName": "Dominica",
            "dialCode": "+1767",
            "countryCode": "DM"
            
        },
        {
            "countryName": "Dominican Republic",
            "dialCode": "+1849",
            "countryCode": "DO"
            
        },
        {
            "countryName": "Ecuador",
            "dialCode": "+593",
            "countryCode": "EC"
            
        },
        {
            "countryName": "Egypt",
            "dialCode": "+20",
            "countryCode": "EG"
            
        },
        {
            "countryName": "El Salvador",
            "dialCode": "+503",
            "countryCode": "SV"
            
        },
        {
            "countryName": "Equatorial Guinea",
            "dialCode": "+240",
            "countryCode": "GQ"
            
        },
        {
            "countryName": "Eritrea",
            "dialCode": "+291",
            "countryCode": "ER"
            
        },
        {
            "countryName": "Estonia",
            "dialCode": "+372",
            "countryCode": "EE"
            
        },
        {
            "countryName": "Ethiopia",
            "dialCode": "+251",
            "countryCode": "ET"
            
        },
        {
            "countryName": "Falkland Islands (Malvinas)",
            "dialCode": "+500",
            "countryCode": "FK"
            
        },
        {
            "countryName": "Faroe Islands",
            "dialCode": "+298",
            "countryCode": "FO"
            
        },
        {
            "countryName": "Fiji",
            "dialCode": "+679",
            "countryCode": "FJ"
            
        },
        {
            "countryName": "Finland",
            "dialCode": "+358",
            "countryCode": "FI"
            
        },
        {
            "countryName": "France",
            "dialCode": "+33",
            "countryCode": "FR"
            
        },
        {
            "countryName": "French Polynesia",
            "dialCode": "+689",
            "countryCode": "PF"
            
        },
        {
            "countryName": "Gabon",
            "dialCode": "+241",
            "countryCode": "GA"
            
        },
        {
            "countryName": "Gambia",
            "dialCode": "+220",
            "countryCode": "GM"
            
        },
        {
            "countryName": "Georgia",
            "dialCode": "+995",
            "countryCode": "GE"
            
        },
        {
            "countryName": "Germany",
            "dialCode": "+49",
            "countryCode": "DE"
            
        },
        {
            "countryName": "Ghana",
            "dialCode": "+233",
            "countryCode": "GH"
            
        },
        {
            "countryName": "Gibraltar",
            "dialCode": "+350",
            "countryCode": "GI"
            
        },
        {
            "countryName": "Greece",
            "dialCode": "+30",
            "countryCode": "GR"
            
        },
        {
            "countryName": "Greenland",
            "dialCode": "+299",
            "countryCode": "GL"
            
        },
        {
            "countryName": "Grenada",
            "dialCode": "+1473",
            "countryCode": "GD"
            
        },
        {
            "countryName": "Guadeloupe",
            "dialCode": "+590",
            "countryCode": "GP"
            
        },
        {
            "countryName": "Guam",
            "dialCode": "+1671",
            "countryCode": "GU"
            
        },
        {
            "countryName": "Guatemala",
            "dialCode": "+502",
            "countryCode": "GT"
            
        },
        {
            "countryName": "Guernsey",
            "dialCode": "+44",
            "countryCode": "GG"
            
        },
        {
            "countryName": "Guinea",
            "dialCode": "+224",
            "countryCode": "GN"
            
        },
        {
            "countryName": "Guinea-Bissau",
            "dialCode": "+245",
            "countryCode": "GW"
            
        },
        {
            "countryName": "Guyana",
            "dialCode": "+595",
            "countryCode": "GY"
            
        },
        {
            "countryName": "Haiti",
            "dialCode": "+509",
            "countryCode": "HT"
            
        },
        {
            "countryName": "Holy See (Vatican City State)",
            "dialCode": "+379",
            "countryCode": "VA"
            
        },
        {
            "countryName": "Honduras",
            "dialCode": "+504",
            "countryCode": "HN"
            
        },
        {
            "countryName": "Hong Kong",
            "dialCode": "+852",
            "countryCode": "HK"
            
        },
        {
            "countryName": "Hungary",
            "dialCode": "+36",
            "countryCode": "HU"
            
        },
        {
            "countryName": "Iceland",
            "dialCode": "+354",
            "countryCode": "IS"
            
        },
        {
            "countryName": "India",
            "dialCode": "+91",
            "countryCode": "IN"
            
        },
        {
            "countryName": "Indonesia",
            "dialCode": "+62",
            "countryCode": "ID"
            
        },
        {
            "countryName": "Iran, Islamic Republic of Persian Gulf",
            "dialCode": "+98",
            "countryCode": "IR"
            
        },
        {
            "countryName": "Iraq",
            "dialCode": "+964",
            "countryCode": "IQ"
            
        },
        {
            "countryName": "Ireland",
            "dialCode": "+353",
            "countryCode": "IE"
            
        },
        {
            "countryName": "Isle of Man",
            "dialCode": "+44",
            "countryCode": "IM"
            
        },
        {
            "countryName": "Israel",
            "dialCode": "+972",
            "countryCode": "IL"
            
        },
        {
            "countryName": "Italy",
            "dialCode": "+39",
            "countryCode": "IT"
            
        },
        {
            "countryName": "Jamaica",
            "dialCode": "+1876",
            "countryCode": "JM"
            
        },
        {
            "countryName": "Japan",
            "dialCode": "+81",
            "countryCode": "JP"
            
        },
        {
            "countryName": "Jersey",
            "dialCode": "+44",
            "countryCode": "JE"
            
        },
        {
            "countryName": "Jordan",
            "dialCode": "+962",
            "countryCode": "JO"
            
        },
        {
            "countryName": "Kazakhstan",
            "dialCode": "+77",
            "countryCode": "KZ"
            
        },
        {
            "countryName": "Kenya",
            "dialCode": "+254",
            "countryCode": "KE"
            
        },
        {
            "countryName": "Kiribati",
            "dialCode": "+686",
            "countryCode": "KI"
            
        },
        {
            "countryName": "Korea, Democratic People's Republic of Korea",
            "dialCode": "+850",
            "countryCode": "KP"
            
        },
        {
            "countryName": "Korea, Republic of South Korea",
            "dialCode": "+82",
            "countryCode": "KR"
            
        },
        {
            "countryName": "Kuwait",
            "dialCode": "+965",
            "countryCode": "KW"
            
        },
        {
            "countryName": "Kyrgyzstan",
            "dialCode": "+996",
            "countryCode": "KG"
            
        },
        {
            "countryName": "Laos",
            "dialCode": "+856",
            "countryCode": "LA"
            
        },
        {
            "countryName": "Latvia",
            "dialCode": "+371",
            "countryCode": "LV"
            
        },
        {
            "countryName": "Lebanon",
            "dialCode": "+961",
            "countryCode": "LB"
            
        },
        {
            "countryName": "Lesotho",
            "dialCode": "+266",
            "countryCode": "LS"
            
        },
        {
            "countryName": "Liberia",
            "dialCode": "+231",
            "countryCode": "LR"
            
        },
        {
            "countryName": "Libyan Arab Jamahiriya",
            "dialCode": "+218",
            "countryCode": "LY"
            
        },
        {
            "countryName": "Liechtenstein",
            "dialCode": "+423",
            "countryCode": "LI"
            
        },
        {
            "countryName": "Lithuania",
            "dialCode": "+370",
            "countryCode": "LT"
            
        },
        {
            "countryName": "Luxembourg",
            "dialCode": "+352",
            "countryCode": "LU"
            
        },
        {
            "countryName": "Macao",
            "dialCode": "+853",
            "countryCode": "MO"
            
        },
        {
            "countryName": "Macedonia",
            "dialCode": "+389",
            "countryCode": "MK"
            
        },
        {
            "countryName": "Madagascar",
            "dialCode": "+261",
            "countryCode": "MG"
            
        },
        {
            "countryName": "Malawi",
            "dialCode": "+265",
            "countryCode": "MW"
            
        },
        {
            "countryName": "Malaysia",
            "dialCode": "+60",
            "countryCode": "MY"
            
        },
        {
            "countryName": "Maldives",
            "dialCode": "+960",
            "countryCode": "MV"
            
        },
        {
            "countryName": "Mali",
            "dialCode": "+223",
            "countryCode": "ML"
            
        },
        {
            "countryName": "Malta",
            "dialCode": "+356",
            "countryCode": "MT"
            
        },
        {
            "countryName": "Marshall Islands",
            "dialCode": "+692",
            "countryCode": "MH"
            
        },
        {
            "countryName": "Martinique",
            "dialCode": "+596",
            "countryCode": "MQ"
            
        },
        {
            "countryName": "Mauritania",
            "dialCode": "+222",
            "countryCode": "MR"
            
        },
        {
            "countryName": "Mauritius",
            "dialCode": "+230",
            "countryCode": "MU"
            
        },
        {
            "countryName": "Mayotte",
            "dialCode": "+262",
            "countryCode": "YT"
            
        },
        {
            "countryName": "Mexico",
            "dialCode": "+52",
            "countryCode": "MX"
            
        },
        {
            "countryName": "Micronesia, Federated States of Micronesia",
            "dialCode": "+691",
            "countryCode": "FM"
            
        },
        {
            "countryName": "Moldova",
            "dialCode": "+373",
            "countryCode": "MD"
            
        },
        {
            "countryName": "Monaco",
            "dialCode": "+377",
            "countryCode": "MC"
            
        },
        {
            "countryName": "Mongolia",
            "dialCode": "+976",
            "countryCode": "MN"
            
        },
        {
            "countryName": "Montenegro",
            "dialCode": "+382",
            "countryCode": "ME"
            
        },
        {
            "countryName": "Montserrat",
            "dialCode": "+1664",
            "countryCode": "MS"
            
        },
        {
            "countryName": "Morocco",
            "dialCode": "+212",
            "countryCode": "MA"
            
        },
        {
            "countryName": "Mozambique",
            "dialCode": "+258",
            "countryCode": "MZ"
            
        },
        {
            "countryName": "Myanmar",
            "dialCode": "+95",
            "countryCode": "MM"
            
        },
        {
            "countryName": "Namibia",
            "dialCode": "+264",
            "countryCode": "NA"
            
        },
        {
            "countryName": "Nauru",
            "dialCode": "+674",
            "countryCode": "NR"
            
        },
        {
            "countryName": "Nepal",
            "dialCode": "+977",
            "countryCode": "NP"
            
        },
        {
            "countryName": "Netherlands",
            "dialCode": "+31",
            "countryCode": "NL"
            
        },
        {
            "countryName": "Netherlands Antilles",
            "dialCode": "+599",
            "countryCode": "AN"
            
        },
        {
            "countryName": "New Caledonia",
            "dialCode": "+687",
            "countryCode": "NC"
            
        },
        {
            "countryName": "New Zealand",
            "dialCode": "+64",
            "countryCode": "NZ"
            
        },
        {
            "countryName": "Nicaragua",
            "dialCode": "+505",
            "countryCode": "NI"
            
        },
        {
            "countryName": "Niger",
            "dialCode": "+227",
            "countryCode": "NE"
            
        },
        {
            "countryName": "Nigeria",
            "dialCode": "+234",
            "countryCode": "NG"
            
        },
        {
            "countryName": "Niue",
            "dialCode": "+683",
            "countryCode": "NU"
            
        },
        {
            "countryName": "Norfolk Island",
            "dialCode": "+672",
            "countryCode": "NF"
            
        },
        {
            "countryName": "Northern Mariana Islands",
            "dialCode": "+1670",
            "countryCode": "MP"
            
        },
        {
            "countryName": "Norway",
            "dialCode": "+47",
            "countryCode": "NO"
            
        },
        {
            "countryName": "Oman",
            "dialCode": "+968",
            "countryCode": "OM"
            
        },
        {
            "countryName": "Pakistan",
            "dialCode": "+92",
            "countryCode": "PK"
            
        },
        {
            "countryName": "Palau",
            "dialCode": "+680",
            "countryCode": "PW"
            
        },
        {
            "countryName": "Palestinian Territory, Occupied",
            "dialCode": "+970",
            "countryCode": "PS"
            
        },
        {
            "countryName": "Panama",
            "dialCode": "+507",
            "countryCode": "PA"
            
        },
        {
            "countryName": "Papua New Guinea",
            "dialCode": "+675",
            "countryCode": "PG"
            
        },
        {
            "countryName": "Paraguay",
            "dialCode": "+595",
            "countryCode": "PY"
            
        },
        {
            "countryName": "Peru",
            "dialCode": "+51",
            "countryCode": "PE"
            
        },
        {
            "countryName": "Philippines",
            "dialCode": "+63",
            "countryCode": "PH"
            
        },
        {
            "countryName": "Pitcairn",
            "dialCode": "+872",
            "countryCode": "PN"
            
        },
        {
            "countryName": "Poland",
            "dialCode": "+48",
            "countryCode": "PL"
            
        },
        {
            "countryName": "Portugal",
            "dialCode": "+351",
            "countryCode": "PT"
            
        },
        {
            "countryName": "Puerto Rico",
            "dialCode": "+1939",
            "countryCode": "PR"
            
        },
        {
            "countryName": "Qatar",
            "dialCode": "+974",
            "countryCode": "QA"
            
        },
        {
            "countryName": "Romania",
            "dialCode": "+40",
            "countryCode": "RO"
            
        },
        {
            "countryName": "Russia",
            "dialCode": "+7",
            "countryCode": "RU"
            
        },
        {
            "countryName": "Rwanda",
            "dialCode": "+250",
            "countryCode": "RW"
            
        },
        {
            "countryName": "Reunion",
            "dialCode": "+262",
            "countryCode": "RE"
            
        },
        {
            "countryName": "Saint Barthelemy",
            "dialCode": "+590",
            "countryCode": "BL"
            
        },
        {
            "countryName": "Saint Helena, Ascension and Tristan Da Cunha",
            "dialCode": "+290",
            "countryCode": "SH"
            
        },
        {
            "countryName": "Saint Kitts and Nevis",
            "dialCode": "+1869",
            "countryCode": "KN"
            
        },
        {
            "countryName": "Saint Lucia",
            "dialCode": "+1758",
            "countryCode": "LC"
            
        },
        {
            "countryName": "Saint Martin",
            "dialCode": "+590",
            "countryCode": "MF"
            
        },
        {
            "countryName": "Saint Pierre and Miquelon",
            "dialCode": "+508",
            "countryCode": "PM"
            
        },
        {
            "countryName": "Saint Vincent and the Grenadines",
            "dialCode": "+1784",
            "countryCode": "VC"
            
        },
        {
            "countryName": "Samoa",
            "dialCode": "+685",
            "countryCode": "WS"
            
        },
        {
            "countryName": "San Marino",
            "dialCode": "+378",
            "countryCode": "SM"
            
        },
        {
            "countryName": "Sao Tome and Principe",
            "dialCode": "+239",
            "countryCode": "ST"
            
        },
        {
            "countryName": "Saudi Arabia",
            "dialCode": "+966",
            "countryCode": "SA"
            
        },
        {
            "countryName": "Senegal",
            "dialCode": "+221",
            "countryCode": "SN"
            
        },
        {
            "countryName": "Serbia",
            "dialCode": "+381",
            "countryCode": "RS"
            
        },
        {
            "countryName": "Seychelles",
            "dialCode": "+248",
            "countryCode": "SC"
            
        },
        {
            "countryName": "Sierra Leone",
            "dialCode": "+232",
            "countryCode": "SL"
            
        },
        {
            "countryName": "Singapore",
            "dialCode": "+65",
            "countryCode": "SG"
            
        },
        {
            "countryName": "Slovakia",
            "dialCode": "+421",
            "countryCode": "SK"
            
        },
        {
            "countryName": "Slovenia",
            "dialCode": "+386",
            "countryCode": "SI"
            
        },
        {
            "countryName": "Solomon Islands",
            "dialCode": "+677",
            "countryCode": "SB"
            
        },
        {
            "countryName": "Somalia",
            "dialCode": "+252",
            "countryCode": "SO"
            
        },
        {
            "countryName": "South Africa",
            "dialCode": "+27",
            "countryCode": "ZA"
            
        },
        {
            "countryName": "South Sudan",
            "dialCode": "+211",
            "countryCode": "SS"
            
        },
        {
            "countryName": "South Georgia and the South Sandwich Islands",
            "dialCode": "+500",
            "countryCode": "GS"
            
        },
        {
            "countryName": "Spain",
            "dialCode": "+34",
            "countryCode": "ES"
            
        },
        {
            "countryName": "Sri Lanka",
            "dialCode": "+94",
            "countryCode": "LK"
            
        },
        {
            "countryName": "Sudan",
            "dialCode": "+249",
            "countryCode": "SD"
            
        },
        {
            "countryName": "SuricountryName",
            "dialCode": "+597",
            "countryCode": "SR"
            
        },
        {
            "countryName": "Svalbard and Jan Mayen",
            "dialCode": "+47",
            "countryCode": "SJ"
            
        },
        {
            "countryName": "Swaziland",
            "dialCode": "+268",
            "countryCode": "SZ"
            
        },
        {
            "countryName": "Sweden",
            "dialCode": "+46",
            "countryCode": "SE"
            
        },
        {
            "countryName": "Switzerland",
            "dialCode": "+41",
            "countryCode": "CH"
            
        },
        {
            "countryName": "Syrian Arab Republic",
            "dialCode": "+963",
            "countryCode": "SY"
            
        },
        {
            "countryName": "Taiwan",
            "dialCode": "+886",
            "countryCode": "TW"
            
        },
        {
            "countryName": "Tajikistan",
            "dialCode": "+992",
            "countryCode": "TJ"
            
        },
        {
            "countryName": "Tanzania, United Republic of Tanzania",
            "dialCode": "+255",
            "countryCode": "TZ"
            
        },
        {
            "countryName": "Thailand",
            "dialCode": "+66",
            "countryCode": "TH"
            
        },
        {
            "countryName": "Timor-Leste",
            "dialCode": "+670",
            "countryCode": "TL"
            
        },
        {
            "countryName": "Togo",
            "dialCode": "+228",
            "countryCode": "TG"
            
        },
        {
            "countryName": "Tokelau",
            "dialCode": "+690",
            "countryCode": "TK"
            
        },
        {
            "countryName": "Tonga",
            "dialCode": "+676",
            "countryCode": "TO"
            
        },
        {
            "countryName": "Trinidad and Tobago",
            "dialCode": "+1868",
            "countryCode": "TT"
            
        },
        {
            "countryName": "Tunisia",
            "dialCode": "+216",
            "countryCode": "TN"
            
        },
        {
            "countryName": "Turkey",
            "dialCode": "+90",
            "countryCode": "TR"
            
        },
        {
            "countryName": "Turkmenistan",
            "dialCode": "+993",
            "countryCode": "TM"
            
        },
        {
            "countryName": "Turks and Caicos Islands",
            "dialCode": "+1649",
            "countryCode": "TC"
            
        },
        {
            "countryName": "Tuvalu",
            "dialCode": "+688",
            "countryCode": "TV"
            
        },
        {
            "countryName": "Uganda",
            "dialCode": "+256",
            "countryCode": "UG"
            
        },
        {
            "countryName": "Ukraine",
            "dialCode": "+380",
            "countryCode": "UA"
            
        },
        {
            "countryName": "United Arab Emirates",
            "dialCode": "+971",
            "countryCode": "AE"
            
        },
        {
            "countryName": "United Kingdom",
            "dialCode": "+44",
            "countryCode": "GB"
            
        },
        {
            "countryName": "United States",
            "dialCode": "+1",
            "countryCode": "US"
            
        },
        {
            "countryName": "Uruguay",
            "dialCode": "+598",
            "countryCode": "UY"
            
        },
        {
            "countryName": "Uzbekistan",
            "dialCode": "+998",
            "countryCode": "UZ"
            
        },
        {
            "countryName": "Vanuatu",
            "dialCode": "+678",
            "countryCode": "VU"
            
        },
        {
            "countryName": "Venezuela, Bolivarian Republic of Venezuela",
            "dialCode": "+58",
            "countryCode": "VE"
            
        },
        {
            "countryName": "Vietnam",
            "dialCode": "+84",
            "countryCode": "VN"
            
        },
        {
            "countryName": "Virgin Islands, British",
            "dialCode": "+1284",
            "countryCode": "VG"
            
        },
        {
            "countryName": "Virgin Islands, U.S.",
            "dialCode": "+1340",
            "countryCode": "VI"
            
        },
        {
            "countryName": "Wallis and Futuna",
            "dialCode": "+681",
            "countryCode": "WF"
            
        },
        {
            "countryName": "Yemen",
            "dialCode": "+967",
            "countryCode": "YE"
            
        },
        {
            "countryName": "Zambia",
            "dialCode": "+260",
            "countryCode": "ZM"
            
        },
        {
            "countryName": "Zimbabwe",
            "dialCode": "+263",
            "countryCode": "ZW"
            
        }
    ]
}